,title,address.street-address,location.latitude,location.longitude,Type of place,stationName,address,longitude,latitude,distance
0,Centro Superior de Diseño y Moda de Madrid,CARRETERA VALENCIA 7 Bloque I,40.388857066045915,-3.6286523028588005,University,Bicipark Salamanca,Pl. del Marqués de Salamanca,-3.679172, 40.430315,7283.9094239047035
11,Centro Superior de Estudios Universitarios La Salle,CALLE LA SALLE 10,40.46627682124755,-3.7820191806815187,University,Bicipark Pitis,"Calle Pau Arroyo del Fresno, 181",-3.7249142, 40.4959425,7175.632757409849
22,Centro de Enseñanza Superior Cardenal Cisneros,CALLE GENERAL DIAZ PORLIER 58,40.430655746270524,-3.676645132506573,University,Bicipark Salamanca,Pl. del Marqués de Salamanca,-3.679172, 40.430315,284.4109475227855
33,Centro de Enseñanza Superior Villanueva,CALLE COSTA BRAVA 2 y 6,40.49594165711777,-3.702048289834191,University,Bicipark Pitis,"Calle Pau Arroyo del Fresno, 181",-3.7249142, 40.4959425,2550.77708941092
44,Centro de Enseñanza Superior en Humanidades y Ciencias de la Educación Don Bosco,CALLE MARIA AUXILIADORA 9,40.4578663330372,-3.7154022232737973,University,Bicipark Orense,"Avenida General Perón, 27",-3.693897, 40.452973,2460.030310641825
55,Colegio Mayor Alcalá,CALLE DON RAMON MENENDEZ PIDAL 2,40.44764820463789,-3.719503495059197,University,Bicipark Orense,"Avenida General Perón, 27",-3.693897, 40.452973,2917.331124394226
66,Colegio Mayor Alcor,CALLE GENERAL AMPUDIA 7,40.443245742864015,-3.715255918766616,University,Bicipark Orense,"Avenida General Perón, 27",-3.693897, 40.452973,2617.157569043012
77,Colegio Mayor Antonio de Nebrija,AVENIDA SENECA 8,40.43571333918665,-3.7284677239467596,University,Bicipark Canalejas,-,-3.6994506, 40.417807676,3801.4490357551517
88,Colegio Mayor Aquinas (Santo Tomás de Aquino),CALLE LEONARDO PRIETO CASTRO 6,40.45204759324346,-3.7218395787782304,University,Bicipark Orense,"Avenida General Perón, 27",-3.693897, 40.452973,3118.7803182927846
99,Colegio Mayor Argentino Nuestra Señora de Luján,CALLE MARTIN FIERRO 3,40.43610678975899,-3.731701576349752,University,Bicipark Canalejas,-,-3.6994506, 40.417807676,4134.390753800946
110,Colegio Mayor Barberán y Collar,AVENIDA SENECA 16,40.434545397562495,-3.7331585246591557,University,Bicipark Canalejas,-,-3.6994506, 40.417807676,4196.566345732883
121,Colegio Mayor Casa Do Brasil,AVENIDA MEMORIA 3,40.43853583084271,-3.7252915757655174,University,Bicipark Canalejas,-,-3.6994506, 40.417807676,3692.4251307565614
132,Colegio Mayor Chaminade,PASEO JUAN XXIII 9,40.44734637151868,-3.7177116209853853,University,Bicipark Orense,"Avenida General Perón, 27",-3.693897, 40.452973,2729.4264882667003
143,Colegio Mayor Diego de Covarrubias,AVENIDA SENECA 10,40.43543488509487,-3.7297224981364576,University,Bicipark Canalejas,-,-3.6994506, 40.417807676,3905.662824504342
154,Colegio Mayor Elías Ahúja,CALLE RECTOR ROYO-VILLANOVA 4,40.45084427289562,-3.7153019237576634,University,Bicipark Orense,"Avenida General Perón, 27",-3.693897, 40.452973,2399.5045203820873
165,Colegio Mayor Fundación SEPI,AVENIDA GREGORIO DEL AMO 2,40.446907485706866,-3.7188228498669362,University,Bicipark Orense,"Avenida General Perón, 27",-3.693897, 40.452973,2861.3561451594064
176,Colegio Mayor Jaime del Amo,AVENIDA GREGORIO DEL AMO 5,40.44582638073112,-3.72226686792607,University,Bicipark Orense,"Avenida General Perón, 27",-3.693897, 40.452973,3263.2072132284575
187,Colegio Mayor Jorge Juan,AVENIDA SENECA 14,40.4349249042721,-3.7317433524081887,University,Bicipark Canalejas,-,-3.6994506, 40.417807676,4075.2957908038084
198,Colegio Mayor Juan Luis Vives,CALLE FRANCISCO SUAREZ 7,40.46502029145429,-3.6845899986944497,University,Bicipark Recuerdo,"Calle Hiedra, 26",-3.678921, 40.472419,1038.3877237310487
209,Colegio Mayor Juan XXIII Roncalli,CALLE RAMIRO DE MAEZTU 3,40.44903948047641,-3.7180373012857046,University,Bicipark Orense,"Avenida General Perón, 27",-3.693897, 40.452973,2728.285159308275
220,Colegio Mayor Loyola,PASEO JUAN XXIII 17,40.45000544910973,-3.7153887868377877,University,Bicipark Orense,"Avenida General Perón, 27",-3.693897, 40.452973,2420.1167226958187
231,Colegio Mayor Mara,PASEO JUAN XXIII 15,40.44958307800659,-3.7160919870624136,University,Bicipark Orense,"Avenida General Perón, 27",-3.693897, 40.452973,2504.5021454711596
242,Colegio Mayor Marqués de la Ensenada,AVENIDA SENECA 18,40.43444043139228,-3.733543743924688,University,Bicipark Canalejas,-,-3.6994506, 40.417807676,4229.987342743833
253,Colegio Mayor Mater Salvatoris,CALLE VALDESQUI 3,40.46404258469897,-3.7710701028693103,University,Bicipark Pitis,"Calle Pau Arroyo del Fresno, 181",-3.7249142, 40.4959425,6254.842188758353
264,Colegio Mayor Moncloa,AVENIDA MONCLOA 3,40.44587627267912,-3.715446297968531,University,Bicipark Orense,"Avenida General Perón, 27",-3.693897, 40.452973,2530.364838387865
275,Colegio Mayor Montalbán,CALLE DIEGO DE LEON 14,40.434842602381124,-3.684160626397251,University,Bicipark Salamanca,Pl. del Marqués de Salamanca,-3.679172, 40.430315,750.7970747613574
286,Colegio Mayor Méndel,CALLE RECTOR ROYO-VILLANOVA 6,40.450938406912854,-3.716699793684652,University,Bicipark Orense,"Avenida General Perón, 27",-3.693897, 40.452973,2553.775977459325
297,Colegio Mayor Nuestra Señora de Guadalupe,AVENIDA SENECA 4,40.4365837060789,-3.7255298689626724,University,Bicipark Canalejas,-,-3.6994506, 40.417807676,3582.224301625137
308,Colegio Mayor Nuestra Señora de África,CALLE RAMIRO DE MAEZTU 8,40.44834777034175,-3.721755062437034,University,Bicipark Orense,"Avenida General Perón, 27",-3.693897, 40.452973,3150.014285533932
319,Colegio Mayor Padre Poveda,CALLE ISAAC PERAL 60,40.442963646266804,-3.7190211475612625,University,Bicipark Orense,"Avenida General Perón, 27",-3.693897, 40.452973,3016.036964791527
330,Colegio Mayor Pío XII,PASEO JUAN XXIII 3,40.44491451422515,-3.7200680644720574,University,Bicipark Orense,"Avenida General Perón, 27",-3.693897, 40.452973,3054.1713208302904
341,Colegio Mayor Santa María de Europa,CALLE CEA BERMUDEZ 17,40.438685506832634,-3.7091237782947606,University,Bicipark Almagro,"Calle Almagro, 11",-3.692879, 40.430361,2035.334325912771
352,Colegio Mayor Santa María del Pino,PASEO SAN FRANCISCO DE SALES 13,40.44040601048909,-3.7162462206445745,University,Bicipark Almagro,"Calle Almagro, 11",-3.692879, 40.430361,2836.3941691070827
363,Colegio Mayor Santa Mónica,PASEO JUAN XXIII 19,40.45035239946326,-3.7146291167019014,University,Bicipark Orense,"Avenida General Perón, 27",-3.693897, 40.452973,2331.0466418308993
374,Colegio Mayor Santa Teresa de Jesús,AVENIDA SENECA 12,40.43522158947955,-3.730558119606541,University,Bicipark Canalejas,-,-3.6994506, 40.417807676,3974.903732996633
385,Colegio Mayor Somosierra,CALLE VICTOR DE LA SERNA 13,40.45338463229645,-3.672607650534373,University,Bicipark Recuerdo,"Calle Hiedra, 26",-3.678921, 40.472419,2232.8648553773965
396,Colegio Mayor Universitario Isabel de España,CALLE DON RAMON MENENDEZ PIDAL 5,40.44841681111204,-3.7199730138128735,University,Bicipark Orense,"Avenida General Perón, 27",-3.693897, 40.452973,2952.740916780628
407,Colegio Mayor Universitario San Agustín,TRAVESIA ANTONIO NEBRIJA 4,40.43672037843154,-3.7276073977792428,University,Bicipark Canalejas,-,-3.6994506, 40.417807676,3781.317347521934
418,Colegio Mayor Universitario San Pablo,CALLE ISAAC PERAL 58,40.442163372591814,-3.7186016905372776,University,Bicipark Orense,"Avenida General Perón, 27",-3.693897, 40.452973,3007.1322038052654
429,Colegio Mayor Universitario Santillana,CALLE MARBELLA 60,40.49465964836949,-3.7062096187224456,University,Bicipark Pitis,"Calle Pau Arroyo del Fresno, 181",-3.7249142, 40.4959425,2091.4515079038447
440,Colegio Mayor Vedruna,GLORIETA PRESIDENTE GARCIA MORENO 2,40.445605369642564,-3.714995329761434,University,Bicipark Orense,"Avenida General Perón, 27",-3.693897, 40.452973,2492.3822179731615
451,Colegio Mayor Ximénez de Cisneros,AVENIDA SENECA 8,40.43571333918665,-3.7284677239467596,University,Bicipark Canalejas,-,-3.6994506, 40.417807676,3801.4490357551517
462,Colegio Mayor Zurbarán,CALLE VICTOR DE LA SERNA 13,40.45338463229645,-3.672607650534373,University,Bicipark Recuerdo,"Calle Hiedra, 26",-3.678921, 40.472419,2232.8648553773965
473,Colegio Mayor África,CALLE RAMIRO DE MAEZTU 2,40.44925799673555,-3.7171006978828465,University,Bicipark Orense,"Avenida General Perón, 27",-3.693897, 40.452973,2621.2634674533197
484,Colegio Universitario de Estudios Financieros,CALLE PIRINEOS 55,40.45357920636982,-3.718717277671818,University,Bicipark Orense,"Avenida General Perón, 27",-3.693897, 40.452973,2769.5938018472207
495,ESERP Madrid Business School,CALLE COSTA RICA 9,40.45873666000346,-3.674947232210818,University,Bicipark Recuerdo,"Calle Hiedra, 26",-3.678921, 40.472419,1586.3026260119705
506,Escuela Superior de Diseño,CALLE CAMINO DE LOS VINATEROS 106,40.409090881121266,-3.6488257296912585,University,Bicipark Salamanca,Pl. del Marqués de Salamanca,-3.679172, 40.430315,4128.04076024712
517,Escuela Universitaria de Enfermería. Fundación Jiménez Díaz,AVENIDA REYES CATOLICOS 2,40.43856720968711,-3.718883399803211,University,Bicipark Almagro,"Calle Almagro, 11",-3.692879, 40.430361,3041.2998223862705
528,Escuela Universitaria de Magisterio ESCUNI,AVENIDA NUESTRA SEÑORA DE FATIMA 102,40.378328008655004,-3.7488801858007923,University,Bicipark Aviación,Parking Aviación Española,-3.78369522, 40.383491516,3926.282740287902
539,Escuela de Práctica Jurídica,CALLE AMANIEL 2,40.42503902541332,-3.7091208409661056,University,Bicipark Canalejas,-,-3.6994506, 40.417807676,1345.9900230118851
550,IADE Escuela de Diseño,CALLE CLAUDIO COELLO 48,40.427176334657716,-3.686188531537097,University,Bicipark Almagro,"Calle Almagro, 11",-3.692879, 40.430361,826.2470517124625
561,Instituto de Estudios Bursátiles (IEB),CALLE ALFONSO XI 6,40.418666903378885,-3.690642533944984,University,Bicipark Montalban,"Calle de Montalbán, 5",-3.690786, 40.418146,60.154613697891
572,Instituto de Salud Carlos III. Escuela Nacional de Medicina del Trabajo,"CALLE SINESIO DELGADO 8 entrada por Avenida Monforte de Lemos, 5 o Melchor Fernández Almagro, sin número",40.47467830039234,-3.693859963015047,University,Bicipark Recuerdo,"Calle Hiedra, 26",-3.678921, 40.472419,1685.317732719557
583,Residencia Universitaria Augustinus Nebrija,CALLE CEA BERMUDEZ 59,40.43894007585974,-3.715531702478502,University,Bicipark Almagro,"Calle Almagro, 11",-3.692879, 40.430361,2701.410659403865
594,Residencia Universitaria Erasmo,CALLE ERASMO DE ROTTERDAM 5 y 7,40.548027795931425,-3.6989970922329403,University,Bicipark Pitis,"Calle Pau Arroyo del Fresno, 181",-3.7249142, 40.4959425,6478.94899966875
605,Residencia Universitaria Gómez Pardo,CALLE CRISTOBAL BORDIU 30 BIS,40.443040030471,-3.7009070820260876,University,Bicipark Orense,"Avenida General Perón, 27",-3.693897, 40.452973,1354.3073845733645
616,Residencia Universitaria José Pérez de Vargas,AVENIDA DAROCA 321,40.406276896821566,-3.6127600502928536,University,Bicipark Salamanca,Pl. del Marqués de Salamanca,-3.679172, 40.430315,7876.423075408331
627,Residencia Universitaria Nebrija - Corazonistas,CALLE TUTOR 36,40.42951144473094,-3.7166919067720485,University,Bicipark Canalejas,-,-3.6994506, 40.417807676,2323.0577759798825
638,Residencia Universitaria Nebrija Chamberí,CALLE NICASIO GALLEGO 12,40.42942134889185,-3.698902512090178,University,Bicipark Almagro,"Calle Almagro, 11",-3.692879, 40.430361,680.024816496422
649,Residencia Universitaria Tagaste,CALLE GENERAL PARDI&amp;Ntilde;AS 34 BIS,40.42668459434315,-3.6784079436749755,University,Bicipark Salamanca,Pl. del Marqués de Salamanca,-3.679172, 40.430315,413.02442384073134
660,Residencia de Estudiantes Ciudad Escolar. Comunidad de Madrid.,"CARRETERA COLMENAR VIEJO  Km. 12,800",40.52514591809954,-3.6853908329744214,University,Bicipark Fuente de la Mora,Estación de Fuente de la Mora,-3.6630679, 40.4846838,5146.7073488722
671,Residencia de estudiantes Palacio de Barradas,CALLE SAN BERNARDO 63,40.42645825034476,-3.706923606244769,University,Bicipark Canalejas,-,-3.6994506, 40.417807676,1273.6827661388738
682,Saint Louis University Madrid Campus,AVENIDA VALLE 34,40.443618892912994,-3.7174660906866817,University,Bicipark Orense,"Avenida General Perón, 27",-3.693897, 40.452973,2827.8909415011167
693,Schiller International University Madrid Campus,PASEO RECOLETOS 35,40.4240226588365,-3.691521424899909,University,Bicipark Villa de Paris,"Calle de Orellana, 23, 21",-3.693698, 40.425608,300.1607371721778
704,Suffolk University Madrid Campus,CALLE VIÑA 3,40.444012178441184,-3.7186194926544465,University,Bicipark Orense,"Avenida General Perón, 27",-3.693897, 40.452973,2932.7195318801014
715,Universidad Abierta de Cataluña (Universitat Oberta de Catalunya). UOC,CALLE LUCHANA 23 PLANTA 6,40.43111177402823,-3.6998006857674284,University,Bicipark Almagro,"Calle Almagro, 11",-3.692879, 40.430361,776.6347606772622
726,Universidad Antonio de Nebrija. Campus de Madrid-Princesa,CALLE SANTA CRUZ DE MARCENADO 27,40.42953569046731,-3.7129892993492413,University,Bicipark Canalejas,-,-3.6994506, 40.417807676,1996.3523821088263
737,Universidad Antonio de Nebrija. Edificio Joaquín María López,CALLE JOAQUIN MARIA LOPEZ 62,40.43787436557181,-3.716177496227913,University,Bicipark Almagro,"Calle Almagro, 11",-3.692879, 40.430361,2730.270573562555
748,Universidad Autónoma de Madrid. Escuela Politécnica Superior,CALLE FRANCISCO TOMAS Y VALIENTE 11,40.54694594124175,-3.6915841963667,University,Bicipark Pitis,"Calle Pau Arroyo del Fresno, 181",-3.7249142, 40.4959425,6786.752814870681
759,Universidad Autónoma de Madrid. Escuela Universitaria de Enfermería de la Cruz Roja,AVENIDA REINA VICTORIA 28,40.447245864225934,-3.7096954577510513,University,Bicipark Orense,"Avenida General Perón, 27",-3.693897, 40.452973,1874.1260928284194
770,Universidad Autónoma de Madrid. Escuela Universitaria de Fisioterapia de la ONCE,CALLE NURIA 42,40.493908768303584,-3.708268358490922,University,Bicipark Pitis,"Calle Pau Arroyo del Fresno, 181",-3.7249142, 40.4959425,1870.6619226849377
781,Universidad Autónoma de Madrid. Facultad de Ciencias,CALLE FRANCISCO TOMAS Y VALIENTE 7,40.54537941407227,-3.6951833197962536,University,Bicipark Pitis,"Calle Pau Arroyo del Fresno, 181",-3.7249142, 40.4959425,6425.411075952884
792,Universidad Autónoma de Madrid. Facultad de Ciencias Económicas y Empresariales,CALLE FRANCISCO TOMAS Y VALIENTE 5,40.54487238078954,-3.6966067777305702,University,Bicipark Pitis,"Calle Pau Arroyo del Fresno, 181",-3.7249142, 40.4959425,6296.014217760927
803,Universidad Autónoma de Madrid. Facultad de Derecho,CALLE KELSEN 1,40.541584341026066,-3.6911146791930514,University,Bicipark Pitis,"Calle Pau Arroyo del Fresno, 181",-3.7249142, 40.4959425,6327.0060230796225
814,Universidad Autónoma de Madrid. Facultad de Filosofía y Letras,CALLE FRANCISCO TOMAS Y VALIENTE 1,40.544325916954385,-3.698365543129191,University,Bicipark Pitis,"Calle Pau Arroyo del Fresno, 181",-3.7249142, 40.4959425,6146.562254610581
825,Universidad Autónoma de Madrid. Facultad de Formación de Profesorado y Educación,CALLE FRANCISCO TOMAS Y VALIENTE 3,40.54451020545557,-3.697774510862534,University,Bicipark Pitis,"Calle Pau Arroyo del Fresno, 181",-3.7249142, 40.4959425,6196.491145687405
836,Universidad Autónoma de Madrid. Facultad de Medicina,CALLE ARZOBISPO MORCILLO 4,40.4808908842711,-3.6909106726884695,University,Bicipark Recuerdo,"Calle Hiedra, 26",-3.678921, 40.472419,1636.5150912799472
847,Universidad Autónoma de Madrid. Facultad de Psicología,CALLE IVAN PAVLOV 6,40.543827683418954,-3.6924908365072424,University,Bicipark Pitis,"Calle Pau Arroyo del Fresno, 181",-3.7249142, 40.4959425,6441.814087518825
858,Universidad CEU San Pablo. Campus de Moncloa,CALLE JULIAN ROMEA 23,40.4426848456701,-3.717392603409244,University,Bicipark Orense,"Avenida General Perón, 27",-3.693897, 40.452973,2860.293889024853
869,Universidad Camilo José Cela Campus Almagro. Escuela de Postgrado,CALLE ALMAGRO 5,40.4285833900725,-3.694977051764264,University,Bicipark Almagro,"Calle Almagro, 11",-3.692879, 40.430361,306.48391574887876
880,Universidad Camilo José Cela Campus Castellana,CALLE JUAN HURTADO DE MENDOZA 4,40.460387720713776,-3.6887258017247517,University,Bicipark Orense,"Avenida General Perón, 27",-3.693897, 40.452973,1006.9995623112442
891,Universidad Complutense de Madrid. Centro Complutense para la Enseñanza del Español,PLAZA MENÉNDEZ PELAYO ,40.44898329648031,-3.730509235855083,University,Bicipark Orense,"Avenida General Perón, 27",-3.693897, 40.452973,4108.302023131321
902,Universidad Complutense de Madrid. Centro Superior de Idiomas Modernos,CALLE PROFESOR ARANGUREN  Edificio Multiusos 2ª planta,40.449963578914904,-3.732775678645041,University,Bicipark Orense,"Avenida General Perón, 27",-3.693897, 40.452973,4349.979372649215
913,Universidad Complutense de Madrid. Escuela Profesional de Medicina Legal y Forense,AVENIDA COMPLUTENSE ,40.444209689370524,-3.724525000209294,University,Bicipark Orense,"Avenida General Perón, 27",-3.693897, 40.452973,3553.1893076666875
924,Universidad Complutense de Madrid. Escuela Profesional de Relaciones Laborales,CALLE SAN BERNARDO 49,40.424857288787685,-3.7075073443351645,University,Bicipark Canalejas,-,-3.6994506, 40.417807676,1193.1462190776456
935,Universidad Complutense de Madrid. Facultad de Bellas Artes,CALLE PINTOR EL GRECO 2,40.43924887699439,-3.7339441902245993,University,Bicipark Canalejas,-,-3.6994506, 40.417807676,4528.054378198868
946,Universidad Complutense de Madrid. Facultad de Ciencias Biológicas,CALLE JOSE ANTONIO NOVAIS 12,40.44860689706268,-3.7257076188100315,University,Bicipark Orense,"Avenida General Perón, 27",-3.693897, 40.452973,3581.7079060569436
957,Universidad Complutense de Madrid. Facultad de Ciencias Físicas,PLAZA CIENCIAS 1,40.450777002534814,-3.7260915899587603,University,Bicipark Orense,"Avenida General Perón, 27",-3.693897, 40.452973,3599.72191011368
968,Universidad Complutense de Madrid. Facultad de Ciencias Geológicas,CALLE JOSE ANTONIO NOVAIS 12,40.44860689706268,-3.7257076188100315,University,Bicipark Orense,"Avenida General Perón, 27",-3.693897, 40.452973,3581.7079060569436
979,Universidad Complutense de Madrid. Facultad de Ciencias Matemáticas,PLAZA CIENCIAS 3,40.44945850908754,-3.7259383636708434,University,Bicipark Orense,"Avenida General Perón, 27",-3.693897, 40.452973,3595.6661582193597
990,Universidad Complutense de Madrid. Facultad de Ciencias Químicas,PLAZA CIENCIAS 2,40.450293078267315,-3.7249357757330084,University,Bicipark Orense,"Avenida General Perón, 27",-3.693897, 40.452973,3475.302855875968
1001,Universidad Complutense de Madrid. Facultad de Ciencias de la Documentación,CALLE SANTISIMA TRINIDAD 37,40.438157283286685,-3.701196886214348,University,Bicipark Almagro,"Calle Almagro, 11",-3.692879, 40.430361,1270.4969584109504
1012,Universidad Complutense de Madrid. Facultad de Ciencias de la Información,AVENIDA COMPLUTENSE 3,40.44565281311891,-3.7278198653957086,University,Bicipark Orense,"Avenida General Perón, 27",-3.693897, 40.452973,3870.9528201705657
1023,Universidad Complutense de Madrid. Facultad de Comercio y Turismo,AVENIDA FILIPINAS 3,40.43972279736298,-3.7115000631943875,University,Bicipark Almagro,"Calle Almagro, 11",-3.692879, 40.430361,2323.989990062391
1034,Universidad Complutense de Madrid. Facultad de Derecho,PLAZA MENENDEZ PELAYO 4,40.45029942937783,-3.7307676043691123,University,Bicipark Orense,"Avenida General Perón, 27",-3.693897, 40.452973,4123.80122761382
1045,Universidad Complutense de Madrid. Facultad de Educación - Centro de Formación del Profesorado,CALLE RECTOR ROYO-VILLANOVA 1,40.45009595969183,-3.7173415690104594,University,Bicipark Orense,"Avenida General Perón, 27",-3.693897, 40.452973,2634.8425823201705
1056,"Universidad Complutense de Madrid. Facultad de Enfermería, Fisioterapia y Podología",PLAZA RAMON Y CAJAL 3,40.44388989111186,-3.725275188293443,University,Bicipark Orense,"Avenida General Perón, 27",-3.693897, 40.452973,3643.4520880891428
1067,Universidad Complutense de Madrid. Facultad de Estudios Estadísticos,AVENIDA PUERTA DE HIERRO ,40.44710921445564,-3.736030211293149,University,Bicipark Orense,"Avenida General Perón, 27",-3.693897, 40.452973,4745.234717347308
1078,Universidad Complutense de Madrid. Facultad de Farmacia,PLAZA RAMÓN Y CAJAL ,40.445377687821406,-3.726162822313488,University,Bicipark Orense,"Avenida General Perón, 27",-3.693897, 40.452973,3697.3314269360512
1089,Universidad Complutense de Madrid. Facultad de Filología,PLAZA MENÉNDEZ PELAYO ,40.44902725572588,-3.7299122889709473,University,Bicipark Orense,"Avenida General Perón, 27",-3.693897, 40.452973,4041.571050873223
1100,Universidad Complutense de Madrid. Facultad de Filosofía,PLAZA MENÉNDEZ PELAYO ,40.44898643338138,-3.7304165442551764,University,Bicipark Orense,"Avenida General Perón, 27",-3.693897, 40.452973,4097.98465465152
1111,Universidad Complutense de Madrid. Facultad de Geografía e Historia,CALLE PROFESOR ARANGUREN  CIUDAD UNIVERSITARIA,40.44950567301685,-3.7338667546817264,University,Bicipark Orense,"Avenida General Perón, 27",-3.693897, 40.452973,4475.451816502517
1122,Universidad Complutense de Madrid. Facultad de Informática,CALLE PROFESOR JOSE GARCIA SANTESMASES 9,40.453077067733574,-3.733826683733914,University,Bicipark Orense,"Avenida General Perón, 27",-3.693897, 40.452973,4454.321364414909
1133,Universidad Complutense de Madrid. Facultad de Medicina,PLAZA RAMÓN Y CAJAL ,40.44405495942567,-3.724220903045646,University,Bicipark Orense,"Avenida General Perón, 27",-3.693897, 40.452973,3525.3932453872103
1144,Universidad Complutense de Madrid. Facultad de Odontología,PLAZA RAMON Y CAJAL ,40.44388989111186,-3.725275188293443,University,Bicipark Orense,"Avenida General Perón, 27",-3.693897, 40.452973,3643.4520880891428
1155,Universidad Complutense de Madrid. Facultad de Veterinaria,AVENIDA PUERTA DE HIERRO  sin número,40.44959367195723,-3.7383172430653935,University,Bicipark Orense,"Avenida General Perón, 27",-3.693897, 40.452973,4969.516487580747
1166,Universidad Complutense de Madrid. Facultad de Óptica y Optometría,CALLE ARCOS DE JALON 118,40.42597819309277,-3.6140011950615656,University,Bicipark Salamanca,Pl. del Marqués de Salamanca,-3.679172, 40.430315,7285.512350208498
1177,Universidad Complutense. Hospital Clínico Veterinario,AVENIDA PUERTA DE HIERRO  FACULTAD DE VETERINARIA,40.45021458286808,-3.7400222312945473,University,Bicipark Orense,"Avenida General Perón, 27",-3.693897, 40.452973,5154.615247792964
1188,Universidad Nacional de Educación a Distancia (UNED). Centro Asociado Madrid - Escuelas Pías,CALLE TRIBULETE 14,40.4077959539866,-3.7025893902054015,University,Bicipark Canalejas,-,-3.6994506, 40.417807676,1168.206720754054
1199,Universidad Nacional de Educación a Distancia (UNED). Centro Asociado Madrid - Gregorio Marañón,CALLE ARGUMOSA 3,40.408447184626155,-3.7001742404603184,University,Bicipark Canalejas,-,-3.6994506, 40.417807676,1045.1272582821766
1210,Universidad Nacional de Educación a Distancia (UNED). Centro Asociado Madrid - Jacinto Verdaguer,CALLE FUENTE DE LIMA 22,40.38278645640315,-3.7824021083869606,University,Bicipark Aviación,Parking Aviación Española,-3.78369522, 40.383491516,164.23143848348528
1221,Universidad Nacional de Educación a Distancia (UNED). Centro Asociado Madrid - Las Tablas,AVENIDA SANTO DOMINGO DE LA CALZADA 9,40.504821065488,-3.6658596724706185,University,Bicipark Fuente de la Mora,Estación de Fuente de la Mora,-3.6630679, 40.4846838,2263.197862446301
1232,Universidad Nacional de Educación a Distancia (UNED). Centro Universitario de Idiomas a Distancia (CUID),AVENIDA SANTO DOMINGO DE LA CALZADA 9 PLANTA segunda,40.504821065488,-3.6658596724706185,University,Bicipark Fuente de la Mora,Estación de Fuente de la Mora,-3.6630679, 40.4846838,2263.197862446301
1243,Universidad Politécnica de Madrid. Escuela Politécnica de Enseñanza Superior,PASEO JUAN XXIII 11,40.44793793568313,-3.717285250885199,University,Bicipark Orense,"Avenida General Perón, 27",-3.693897, 40.452973,2668.550414868873
1254,Universidad Politécnica de Madrid. Escuela Técnica Superior de Arquitectura,AVENIDA JUAN DE HERRERA 4,40.43959650623064,-3.731162126785864,University,Bicipark Canalejas,-,-3.6994506, 40.417807676,4289.217240260619
1265,Universidad Politécnica de Madrid. Escuela Técnica Superior de Edificación,CALLE JUAN DE HERRERA 6,40.41579557216152,-3.7115700876766438,University,Bicipark Canalejas,-,-3.6994506, 40.417807676,1370.3904789914882
1276,Universidad Politécnica de Madrid. Escuela Técnica Superior de Ingenieros Industriales,CALLE JOSE GUTIERREZ ABASCAL 2,40.44042600324054,-3.690212174964136,University,Bicipark Almagro,"Calle Almagro, 11",-3.692879, 40.430361,1159.251539748185
1287,Universidad Politécnica de Madrid. Escuela Técnica Superior de Ingenieros Navales,AVENIDA MEMORIA 4,40.4388050819418,-3.724433976834532,University,Bicipark Canalejas,-,-3.6994506, 40.417807676,3637.4182830724776
1298,"Universidad Politécnica de Madrid. Escuela Técnica Superior de Ingenieros de Caminos, Canales y Puertos",CALLE PROFESOR ARANGUREN 3,40.448738163014994,-3.7332871485158043,University,Bicipark Orense,"Avenida General Perón, 27",-3.693897, 40.452973,4419.333402307119
1309,"Universidad Politécnica de Madrid. Escuela Técnica Superior de Ingenieros de Caminos, Canales y Puertos. Edificio Retiro",CALLE ALFONSO XII 3 y 5,40.4094661942901,-3.688412783499902,University,Bicipark Montalban,"Calle de Montalbán, 5",-3.690786, 40.418146,1001.8420446609949
1320,Universidad Politécnica de Madrid. Escuela Técnica Superior de Ingenieros de Minas y Energía,CALLE RIOS ROSAS 21,40.44209227424258,-3.7003734646151534,University,Bicipark Orense,"Avenida General Perón, 27",-3.693897, 40.452973,1410.3345661484764
1331,Universidad Politécnica de Madrid. Escuela Técnica Superior de Ingenieros de Telecomunicación,AVENIDA COMPLUTENSE 30,40.453018384890925,-3.726745005476224,University,Bicipark Orense,"Avenida General Perón, 27",-3.693897, 40.452973,3664.307239640542
1342,"Universidad Politécnica de Madrid. Escuela Técnica Superior de Ingenieros en Topografía, Geodesia y Cartografía","CALLE ARBOLEDA  CARRETERA DE VALENCIA, KM 7",40.389417936054436,-3.630038674026004,University,Bicipark Salamanca,Pl. del Marqués de Salamanca,-3.679172, 40.430315,7124.8841026421305
1353,Universidad Politécnica de Madrid. Escuela Técnica Superior de Ingeniería Aeronáutica y del Espacio,PLAZA CARDENAL CISNEROS 3,40.44098319331987,-3.7246487290907204,University,Bicipark Orense,"Avenida General Perón, 27",-3.693897, 40.452973,3680.9550981126713
1364,"Universidad Politécnica de Madrid. Escuela Técnica Superior de Ingeniería Agronómica, Alimentaria y de Biosistemas",AVENIDA PUERTA DE HIERRO 2 y 4,40.440899945359334,-3.728076234171524,University,Bicipark Orense,"Avenida General Perón, 27",-3.693897, 40.452973,4042.741948420168
1375,"Universidad Politécnica de Madrid. Escuela Técnica Superior de Ingeniería de Montes, Forestal y del Medio Natural",CALLE JOSE ANTONIO NOVAIS 10,40.448485414321894,-3.724507841206364,University,Bicipark Orense,"Avenida General Perón, 27",-3.693897, 40.452973,3451.0839271672385
1386,Universidad Politécnica de Madrid. Escuela Técnica Superior de Ingeniería de Sistemas Informáticos,AUTOVIA ALANG TURING ,40.39025571650973,-3.6279790241704797,University,Bicipark Salamanca,Pl. del Marqués de Salamanca,-3.679172, 40.430315,7245.310558697388
1397,Universidad Politécnica de Madrid. Escuela Técnica Superior de Ingeniería y Diseño Industrial,RONDA VALENCIA 3,40.405420030666505,-3.7005940001153337,University,Bicipark Canalejas,-,-3.6994506, 40.417807676,1384.8725757810937
1408,Universidad Politécnica de Madrid. Escuela Técnica Superior de Ingeniería y Sistemas de Telecomunicación,CALLE NIKOLA TESLA ,40.38879475945981,-3.629147669595368,University,Bicipark Salamanca,Pl. del Marqués de Salamanca,-3.679172, 40.430315,7245.668019893679
1419,Universidad Politécnica de Madrid. Facultad de Ciencias de la Actividad Física y del Deporte (INEF),CALLE MARTIN FIERRO 7,40.4381730352489,-3.7325360017630174,University,Bicipark Canalejas,-,-3.6994506, 40.417807676,4331.471407948095
1430,Universidad Pontificia Comillas. Escuela Técnica Superior de Ingeniería,CALLE ALBERTO AGUILERA 25,40.43012986083875,-3.7126929434719336,University,Bicipark Canalejas,-,-3.6994506, 40.417807676,2015.8716268964527
1441,Universidad Pontificia Comillas. Facultad de Ciencias Humanas y Sociales,CALLE UNIVERSIDAD DE COMILLAS 3 y 5,40.552125920224775,-3.682802161256006,University,Bicipark Pitis,"Calle Pau Arroyo del Fresno, 181",-3.7249142, 40.4959425,7822.071600073528
1452,Universidad Pontificia Comillas. Facultad de Derecho Canónico,CALLE ALBERTO AGUILERA 23,40.42997959570519,-3.711258490151281,University,Bicipark Canalejas,-,-3.6994506, 40.417807676,1889.7009022875793
1463,Universidad Pontificia Comillas. Facultad de Teología,CALLE UNIVERSIDAD DE COMILLAS 3 y 5,40.552125920224775,-3.682802161256006,University,Bicipark Pitis,"Calle Pau Arroyo del Fresno, 181",-3.7249142, 40.4959425,7822.071600073528
1474,Universidad Pontificia de Comillas. Facultad de Ciencias Económicas y Empresariales,CALLE ALBERTO AGUILERA 23,40.42997959570519,-3.711258490151281,University,Bicipark Canalejas,-,-3.6994506, 40.417807676,1889.7009022875793
1485,Universidad Pontificia de Comillas. Facultad de Derecho,CALLE ALBERTO AGUILERA 23,40.42997959570519,-3.711258490151281,University,Bicipark Canalejas,-,-3.6994506, 40.417807676,1889.7009022875793
1496,Universidad Pontificia de Salamanca. Facultad de Enfermería y Fisioterapia,CALLE GAZTAMBIDE 12,40.4320681305,-3.7155984461035705,University,Bicipark Canalejas,-,-3.6994506, 40.417807676,2401.0155548404414
